--
INSERT INTO ShiftCrew(ShiftID, shiftName, shiftDays, shiftTime) VALUES 
(10, "Monday, Wednesday, and Friday Mornings", "Monday/Wednesday/Friday", "8:00am" ),
(15, "Monday, Wednesday, and Friday Nights", "Monday/Wednesday/Friday", "4:00pm" ),
(20, "Tuesday and Thursday Mornings", "Tuesday/Thursday", "8:00am" ),
(25, "Tuesday and Thursday Nights", "Tuesday/Thursday", "4:00pm" ),
(30, "Saturday and Sunday Mornings", "Saturday/Sunday", "8:00am" ),
(35, "Saturday and Sunday Nights", "Saturday/Sunday", "4:00pm" );

--
INSERT INTO Employee(EmployeeID, `name`, DOB, email, wage, `position`, shift) VALUES
(0001, "Mimi Op", "05/08/1980", "mimi@mimings.com", 20000, "Manager", "MWF Night"),
(0002, "Chaz Del Prato", "04/24/1995", "Chaz@mimings.com", 15000, "Head Chef", "MWF Night"),
(0003, "Anthony Pham", "01/01/2000", "AnthonyP@mimings.com", 25, "Maitred", "MWF Night"),
(0004, "Jalon Flores", "06/18/1996", "Jalon@mimings.com", 27, "Maitred", "TTH Night"),
(0005, "Collin Doss", "10/10/1996", "Collin@mimings.com", 5000, "Sous Chef", "MWF Night"),
(0006, "Bob Builder", "02/22/1922", "Bob@mimings.com", 5050, "Sous Chef", "MWF Night"),
(0007, "Shaun Haber", "03/06/1999", "Shaun@mimings.com", 600, "Line Cook", "MWF Night"),
(0008, "Anthony Jose", "04/28/1980", "AnthonyJ@mimings.com", 500, "Line Cook", "MWF Night"),
(0009, "Fred Drick", "06/16/1966", "Fred@mimings.com", 618, "Line Cook", "MWF Night"),
(0010, "John Johnson", "10/06/1966", "John@mimings.com", 1000, "Line Cook", "MWF Night"),
(0011, "Jason Byrne", "11/24/2002", "Jason@mimings.com", 5500, "Sous Chef", "TTH Night"),
(0012, "Blake Rod", "12/25/1988", "Blake@mimings.com", 1300, "Line Cook", "MWF Night"),
(0013, "Jimmy John", "12/30/1977", "Jimmy@mimings.com", 31, "Wait Staff", "MWF Night"),
(0014, "Jim Feed", "12/31/1999", "Jim@mimings.com", 32, "Wait Staff", "MWF Night"),
(0015, "Arnald Foot", "09/22/1922", "Arnald@mimings.com", 33, "Wait Staff", "MWF Night"),
(0016, "Rick Snow", "08/05/1998", "Rick@mimings.com", 34, "Wait Staff", "MWF Night"),
(0017, "Lisa Bisa", "07/21/1987", "Lisa@mimings.com", 35, "Wait Staff", "TTH Night"),
(0018, "Asap Rocky", "01/11/1995", "Asap@mimings.com", 20, "Maitred", "SatSun Night"),
(0019, "Post Mo", "06/18/1996", "Post@mimings.com", 21, "Maitred", "SatSun Morning"),
(0020, "Papa Op", "06/08/1980", "Papa@mimings.com", 19000, "Manager", "TTH Night"),
(0021, "Amanda Op", "01/03/1990", "Amanda@mimings.com", 18000, "Manager", "SatSun Night"),
(0022, "Jesus Chris", "04/30/1985", "Jesus@mimings.com", 13750, "Head Chef", "TTH Night"),
(0023, "God Himself", "01/01/0001", "God@mimings.com", 12000, "Head Chef", "SatSun Night"),
(0024, "Biden Joe", "05/24/1750", "Biden@mimings.com", 4500, "Sous Chef", "TTH Night"),
(0025, "Shawn Dawn", "09/02/1996", "Shawn@mimings.com", 666, "Line Cook", "TTH Night"),
(0026, "Dawn Jose", "07/28/1980", "Dawn@mimings.com", 555, "Line Cook", "TTH Night"),
(0027, "Falon Coee", "10/15/1988", "Falon@mimings.com", 450, "Line Cook", "TTH Night"),
(0028, "Tom Segura", "05/24/1950", "Tom@mimings.com", 4999, "Sous Chef", "SatSun Night"),
(0029, "Water Champ", "08/30/1988", "Water@mimings.com", 15, "Dishwasher", "MWF Night"),
(0030, "Tryit Out", "10/04/1999", "Tryit@mimings.com", 16, "Dishwasher", "TTH Night"),
(0031, "Heyhey Youyou", "11/01/1996", "Heyhey@mimings.com", 17, "Dishwasher", "SatSun Night"),
(0032, "Rainbow Six", "06/01/1966", "Rainbow@mimings.com", 40, "Wait Staff", "TTH Night"),
(0033, "Grand Theft", "02/02/1922", "Grand@mimings.com", 3876, "Sous Chef", "SatSun Night"),
(0034, "Search Engine", "01/01/1970", "Search@mimings.com", 4541, "Sous Chef", "SatSun Night"),
(0035, "Term Derm", "04/24/1987", "Term@mimings.com", 30, "Wait Staff", "SatSun Night"),
(0036, "Obama Cama", "12/16/1916", "Obama@mimings.com", 37, "Wait Staff", "SatSun Night"),
(0037, "Freddd Kc", "05/15/1991", "Freddd@mimings.com", 30, "Wait Staff", "SatSun Night"),
(0038, "Tony Bisa", "11/01/1987", "Tony@mimings.com", 40, "Wait Staff", "SatSun Night"),
(0039, "Bug Game", "02/21/1987", "Bug@mimings.com", 41, "Wait Staff", "SatSun Night"),
(0040, "Origin Games", "11/15/1988", "Origin@mimings.com", 449, "Line Cook", "SatSun Night"),
(0041, "Red Light", "03/03/1933", "Red@mimings.com", 658, "Line Cook", "SatSun Night"),
(0042, "Yellow Light", "03/03/1933", "Yellow@mimings.com", 874, "Line Cook", "SatSun Night"),
(0043, "Green Light", "03/03/1933", "Green@mimings.com", 845, "Line Cook", "SatSun Night"),
(0044, "Yield Sign", "04/18/1955", "Yield@mimings.com", 900, "Line Cook", "SatSun Night"),
(0045, "Wooden Bat", "10/15/1988", "Wooden@mimings.com", 545, "Line Cook", "SatSun Night"),
(0046, "America Flag", "07/04/1776", "America@mimings.com", 450, "Line Cook", "SatSun Night"),
(0047, "English Bad", "10/22/2000", "English@mimings.com", 300, "Line Cook", "SatSun Night"),
(0048, "Randy Bullet", "08/08/1980", "Randy@mimings.com", 17750, "Manager", "MWF Morning"),
(0049, "Mr. Chang", "04/31/1995", "Mr.@mimings.com", 12000, "Head Chef", "MWF Morning"),
(0050, "Saab Baab", "01/01/2000", "Saab@mimings.com", 28, "Maitred", "MWF Morning"),
(0051, "Budda Mayes", "02/01/1955", "Budda@mimings.com", 18, "Dishwasher", "MWF Morning"),
(0052, "Ramon Mands", "08/22/1945", "Ramon@mimings.com", 3755, "Sous Chef", "MWF Morning"),
(0053, "Jacob Smith", "12/24/1987", "Jacob@mimings.com", 31, "Wait Staff", "MWF Morning"),
(0054, "Harry Script", "09/16/1952", "Harry@mimings.com", 38, "Wait Staff", "MWF Morning"),
(0055, "Greg Frog", "05/03/1989", "Greg@mimings.com", 555, "Line Cook", "MWF Morning"),
(0056, "Maribel Gre", "07/18/1987", "Maribel@mimings.com", 750, "Line Cook", "MWF Morning"),
(0057, "Robson Broken", "06/15/1977", "Robson@mimings.com", 250, "Line Cook", "MWF Morning"),
(0058, "Joel Beard", "10/20/1960", "Joel@mimings.com", 16852, "Manager", "TTH Morning"),
(0059, "Mrs Chang", "04/31/1995", "Mrs@mimings.com", 11000, "Head Chef", "TTH Morning"),
(0060, "Taco Paco", "05/01/2000", "Taco@mimings.com", 28, "Maitred", "TTH Morning"),
(0061, "Paco Mayes", "08/01/1945", "Paco@mimings.com", 18, "Dishwasher", "TTH Morning"),
(0062, "Flaco Jam", "12/22/1949", "Flaco@mimings.com", 3800, "Sous Chef", "TTH Morning"),
(0063, "Caesar Del Prato", "05/15/1942", "Caesar@mimings.com", 40, "Wait Staff", "TTH Morning"),
(0064, "Barry Mc", "05/16/1978", "Barry@mimings.com", 38, "Wait Staff", "TTH Morning"),
(0065, "Herna Dando", "05/26/1989", "Herna@mimings.com", 555, "Line Cook", "TTH Morning"),
(0066, "Green Stic", "07/18/1887", "GreenS@mimings.com", 650, "Line Cook", "TTH Morning"),
(0067, "Steve Jobs", "09/15/1999", "Steve@mimings.com", 370, "Line Cook", "TTH Morning"),
(0068, "Ashton Bird", "11/20/1960", "Ashton@mimings.com", 13333, "Manager", "SatSun Morning"),
(0069, "Mean Fa", "07/31/1953", "Mean@mimings.com", 10000, "Head Chef", "SatSun Morning"),
(0070, "Chance Yat", "12/26/1975", "Chance@mimings.com", 17, "Dishwasher", "SatSun Morning"),
(0071, "Nance Bat", "05/22/1998", "Nance@mimings.com", 3750, "Sous Chef", "SatSun Morning"),
(0072, "Enrico Chavez", "05/05/2005", "Enrico@mimings.com", 30, "Wait Staff", "SatSun Morning"),
(0073, "Long Beach", "01/16/1900", "Long@mimings.com", 49, "Wait Staff", "SatSun Morning"),
(0074, "Dirt Bags", "08/26/1998", "Dirt@mimings.com", 444, "Line Cook", "SatSun Morning"),
(0075, "Wee Woo", "10/18/1997", "Wee@mimings.com", 450, "Line Cook", "SatSun Morning"),
(0076, "End End", "09/18/1979", "End@mimings.com", 470, "Line Cook", "SatSun Morning");

--
INSERT INTO Chef(EmployeeID, experience) VALUES 
(2, "25 Years"),
(5, "10 Years"),
(6, "12 Years"),
(7, "8 Years"),
(8, "6 Years"),
(9, "2 Years"),
(10, "1 Year"),
(11, "11 Years"),
(12, "2 Years"),
(22, "20 Years"),
(23, "22 Years"),
(24, "15 Years"),
(25, "5 Years"),
(26, "4 Years"),
(27, "9 Years"),
(28, "12 Years"),
(33, "13 Years"),
(34, "14 Years"),
(40, "4 Years"),
(41, "5 Years"),
(42, "6 Years"),
(43, "8 Years"),
(44, "7 Years"),
(45, "2 Years"),
(46, "3 Years"),
(47, "1 Year"),
(52, "14 Years"),
(62, "10 Years"),
(71, "13 Years"),
(55, "9 Years"),
(56, "9 Years"),
(57, "3 Years"),
(65, "2 Years"),
(66, "7 Years"),
(67, "6 Years"),
(74, "5 Years"),
(75, "1 Years"),
(76, "3 Years"),
(49, "28 Years"),
(59, "25 Years"),
(69, "30 Years");

--
INSERT INTO HeadChef(EmployeeID, ShiftID) VALUES 
(0002, 15),
(0022, 25),
(0023, 35),
(0049, 10),
(0059, 20),
(0069, 30);

--
INSERT INTO SousChef(EmployeeID, ShiftID) VALUES
(0005, 15),
(0006, 15),
(0011, 25),
(0024, 25),
(0028, 35),
(0033, 35),
(0034, 35),
(0052, 10),
(0062, 20),
(0071, 30);

--
INSERT INTO LineCook(EmployeeID, ShiftID, department) VALUES
(0007, 15, "Butcher"),
(0008, 15, "Fry Cook"),
(0009, 15, "Grill Chef"),
(0010, 15, "Pantry Chef"),
(0012, 15, "Pastry Chef"),
(0025, 25, "Roast Chef"),
(0026, 25, "Saute Chef"),
(0027, 25, "Vegetable Chef"),
(0040, 35, "Butcher"),
(0041, 35, "Fry Cook"),
(0042, 35, "Grill Chef"),
(0043, 35, "Pantry Chef"),
(0044, 35, "Pastry Chef"),
(0045, 35, "Roast Chef"),
(0046, 35, "Saute Chef"),
(0047, 35, "Vegetable Chef"),
(0055, 10, "Butcher"),
(0056, 10, "Fry Cook"),
(0057, 10, "Grill Chef"),
(0065, 20, "Pantry Chef"),
(0066, 20, "Pastry Chef"),
(0067, 20, "Roast Chef"),
(0074, 30, "Saute Chef"),
(0075, 30, "Vegetable Chef"),
(0076, 30, "Butcher");

--
INSERT INTO Maitred(EmployeeID, ShiftID, tables) VALUES
(0003, 15, "Main and outside"),
(0004, 25, "Main and outside"),
(0018, 35, "Main, Upstairs and outside"),
(0019, 10, "Main"),
(0050, 20, "Main"),
(0060, 30, "Main");

--
INSERT INTO WaitStaff(EmployeeID, ShiftID, tips) VALUES
(0013, 15, 90),
(0014, 15, 100),
(0015, 15, 70),
(0016, 15, 60),
(0017, 25, 80),
(0032, 25, 50),
(0035, 35, 100),
(0036, 35, 170),
(0037, 35, 120),
(0038, 35, 160),
(0039, 35, 200),
(0053, 10, 40),
(0054, 10, 30),
(0063, 20, 20),
(0064, 20, 40),
(0072, 30, 60),
(0073, 30, 70);

--
INSERT INTO Manager(EmployeeID, ShiftID, inChargeOf) VALUES
(0001, 15, "MWF Night Shift Crew"),
(0020, 25, "TTh Night Shift Crew"),
(0021, 35, "SatSun Night Shift Crew"),
(0048, 10, "MWF Morning Shift Crew"),
(0058, 20, "TTh Morning Shift Crew"),
(0068, 30, "SatSun Morning Shift Crew");

--
INSERT INTO Recipes(EmployeeID, recipe) VALUES
(0002, "Hot and Sour Soup"),
(0002, "Wonton Soup"),
(0002, "Dim Sum"),
(0022, "Ginger Salmon"),
(0022, "Teriyaki Salmon"),
(0022, "Coconut Shrimp"),
(0022, "Honey Walnut Shrimp"),
(0023, "Chinese Omelette"),
(0023, "Spring Rolls"),
(0023, "Teriyaki Chicken"),
(0023, "General Tsaos Chicken"),
(0023, "Sweet and Sour Chicken"),
(0023, "Orange Chicken"),
(0049, "Fried Rice"),
(0049, "Fried Tofu"),
(0049, "Barbecur Pork"),
(0049, "Crispy Orange Beef"),
(0049, "Beef & Broccoli"),
(0059, "Chicken Chop Suey"),
(0059, "Pork Chop Suey"),
(0069, "Seafood Chow Mein"),
(0069, "Chicken Chow Mein"),
(0069, "Lo Mein"),
(0069, "Chow Mein"),
(0002, "Chef Special"),
(0022, "Chef Special"),
(0023, "Chef Special"),
(0049, "Chef Special"),
(0059, "Chef Special"),
(0069, "Chef Special");

--
INSERT INTO Categories(categoryAbbr, category) VALUES
("App", "Appetizer"),
("Chef", "Chef Special"),
("P", "Pork"),
("C", "Chicken"),
("B","Beef"),
("S", "Seafood"),
("V", "Vegetables"),
("CM", "Chow Mein"),
("EFY", "Egg Foo Young"),
("CS", "Chop Suey");

--
INSERT INTO Spices(spiceAbbr, spice) VALUES
("M", "Mild"),
("T", "Tangy"),
("P", "Piquant"),
("H", "Hot"),
("OMG", "Oh My God");

--
INSERT INTO Menu(MenuID, menuType) VALUES
(1, "Evening"),
(2, "Lunch"),
(3, "Sunday Brunch"),
(4, "Childrens");

--
INSERT INTO MenuItem(MenuItemID, `name`, categoryAbbr, spiceAbbr) VALUES
(0000, "Dim Sum","App","M"),
(0001, "Hot and Sour Soup","S","T"),
(0002, "Chow Mein","CM","P"),
(0003, "Spring Roll","App","M"),
(0004, "Fried Rice","App","M"),
(0005, "Fried Tofu","V","P"),
(0006, "Orange Chicken","C","T"),
(0007, "Beef & Broccoli","B","M"),
(0008, "Crispy Orange Beef","B","T"),
(0009, "Barbecue Pork","P","OMG"),
(0010, "Sweet and Sour Chicken","C","T"),
(0011, "Wonton Soup","S","H"),
(0012, "Lo Mein","C","M"),
(0013, "Ginger Salmon","S","T"),
(0014, "Teriyaki Salmon","S","M"),
(0015, "Coconut Shrimp","S","H"),
(0016, "Honey Walnut Shrimp","S","T"),
(0017, "Teriyaki Chicken", "C","M"),
(0018, "Chinese Omelette", "EFY","M"),
(0019, "Seafood Chow Mein", "CM", "T"),
(0020, "Chicken Chow Mein","CM","P"),
(0021, "General Tsaos Chicken", "Chef", "OMG"),
(0022, "Classic Special", "Chef","H"),
(0023, "Chicken Chop Suey", "CS","P"),
(0024, "Pork Chop Suey", "CS","P");

--
INSERT INTO MentorShip(MentorID, MenteeID, MenuItemID, startDate, endDate) VALUES
(0005, 0006, 001, "2016-12-21", "2017-01-03"),
(0006, 0005, 002, "2017-11-02", "2017-11-22"),
(0006, 0024, 003, "2018-03-10", "2018-04-01"),
(0028, 0011, 006, "2018-07-30", "2018-08-03"),
(0011, 0005, 006, "2019-01-21", NULL),
(0028, 0033, 024, "2016-04-24", "2016-08-24"),
(0034, 0033, 022, "2018-01-02", "2018-02-02"),
(0052, 0062, 015, "2017-07-04", "2017-09-12"),
(0071, 0024, 011, "2017-11-11", "2017-11-30"),
(0033, 0011, 009, "2016-10-24", "2016-12-30"),
(0062, 0034, 017, "2019-04-24", "2019-05-05"),
(0005, 0071, 013, "2018-09-24", "2019-01-11"),
(0024, 0052, 007, "2019-02-22", NULL);

--
INSERT INTO MenuItemSet(EmployeeID, menuItemSet) VALUES
(0005, "Spring Rolls"),
(0005, "Lo Mein"),
(0005, "Honey Walnut Shrimp"),
(0006, "Ginger Salmon"),
(0011, "Lo Mein"),
(0024, "Lo Mein"),
(0028, "Fried Rice"),
(0006, "Teriyaki Salmon"),
(0006, "Spring Rolls"),
(0024, "Chow Mein"),
(0024, "Dim Sum"),
(0024, "Fried Rice"),
(0005, "Fried Tofu"),
(0005, "Hot and Sour Soup"),
(0005, "Chinese Omelette"),
(0011, "Sweet and Sour Chicken"),
(0011, "Spring Rolls"),
(0011, "Fried Tofu"),
(0011, "Barbecue Pork"),
(0011, "Honey Walnut Shrimp"),
(0028, "Fried Tofu"),
(0033, "Barbecue Pork"),
(0033, "Classic Special"),
(0033, "Chicken Chop Suey"),
(0034, "General Tsaos Chicken"),
(0034, "Sweet and Sour Chicken"),
(0034, "Orange Chicken"),
(0052, "Classic Special"),
(0052, "General Tsaos Chicken"),
(0062, "Wonton Soup"),
(0062, "Pork Chop Suey"),
(0071, "Honey Walnut Shrimp"),
(0071, "General Tsaos Chicken"),
(0071, "Seafood Chow Mein"),
(0071, "Sweet and Sour Chicken"),
(0071, "Orange Chicken"),
(0071, "Beef & Broccoli"),
(0071, "Crispy Orange Beef");

-- 50 Tables, 15 Booths, 2 Bars
INSERT INTO AssignedTables(EmployeeID, assignedTable) VALUES
(0013, "Tables 10-20"),
(0014, "Tables 21-30"),
(0015, "Tables 31-40"),
(0016, "Tables 41-50"),
(0016, "Bar 1"),
(0015, "Booth 0-5"),
(0017, "Tables 0-10"),
(0032, "Tables 10-20"),
(0017, "Bar 1"),
(0032, "Booth 0-5"),
(0035, "Tables 0-10"),
(0036, "Tables 11-20"),
(0037, "Tables 21-30"),
(0038, "Tables 31-40"),
(0039, "Tables 41-50"),
(0036, "Bar 2"),
(0037, "Booth 0-7"),
(0038, "Bar 1"),
(0039, "Booth 8-15"),
(0053, "Tables 0-10"),
(0054, "Tables 11-20"),
(0053, "Bar 1"),
(0054, "Booth 0-5"),
(0063, "Tables 0-10"),
(0064, "Tables 11-20"),
(0063, "Bar 1"),
(0064, "Booth 0-5"),
(0072, "Tables 0-10"),
(0073, "Tables 11-20"),
(0072, "Bar 1"),
(0073, "Booth 0-5");

--
INSERT INTO MenuMI(MenuItemID, MenuID, `size`, price) VALUES
(0000, 2, "Medium", 10.99),
(0001, 2, "Medium", 12.99),
(0002, 2, "Medium", 13.99),
(0003, 2, "Medium", 12.99),
(0004, 2, "Medium", 15.99),
(0005, 2, "Medium", 10.99),
(0006, 2, "Medium", 12.99),
(0007, 2, "Medium", 8.99),
(0008, 2, "Medium", 8.99),
(0009, 2, "Medium", 10.99),
(0010, 2, "Medium", 12.99),
(0011, 2, "Medium", 14.99),
(0012, 2, "Medium", 12.99),
(0013, 2, "Medium", 10.99),
(0014, 2, "Medium", 9.99),
(0015, 2, "Medium", 14.99),
(0016, 2, "Medium", 14.99),
(0017, 2, "Medium", 10.99),
(0018, 2, "Medium", 11.99),
(0019, 2, "Medium", 12.99),
(0020, 2, "Medium", 13.99),
(0021, 2, "Medium", 13.99),
(0022, 2, "Medium", 12.99),
(0023, 2, "Medium", 10.99),
(0024, 2, "Medium", 11.99), 

(0001, 1, "Large", 12.99),
(0002, 1, "Large", 13.99),
(0003, 1, "Large", 15.99),
(0004, 1, "Large", 14.99),
(0005, 1, "Large", 17.99),
(0006, 1, "Large", 12.99),
(0007, 1, "Large", 14.99),
(0008, 1, "Large", 10.99),
(0009, 1, "Large", 10.99),
(0010, 1, "Large", 12.99),
(0011, 1, "Large", 16.99),
(0012, 1, "Large", 14.99),
(0013, 1, "Large", 12.99),
(0014, 1, "Large", 13.99),
(0015, 1, "Large", 16.99),
(0016, 1, "Large", 17.99),
(0017, 1, "Large", 12.99),
(0018, 1, "Large", 13.99),
(0019, 1, "Large", 14.99),
(0020, 1, "Large", 15.99),
(0021, 1, "Large", 15.99),
(0022, 1, "Large", 14.99),
(0023, 1, "Large", 13.99),
(0024, 1, "Large", 14.99),

(0001, 3, "Extra Medium", 0),
(0002, 3, "Extra Medium", 0),
(0003, 3, "Extra Medium", 0),
(0004, 3, "Extra Medium", 0),
(0005, 3, "Extra Medium", 0),
(0006, 3, "Extra Medium", 0),
(0007, 3, "Extra Medium", 0),
(0008, 3, "Extra Medium", 0),
(0009, 3, "Extra Medium", 0),
(0010, 3, "Extra Medium", 0),
(0011, 3, "Extra Medium", 0),
(0012, 3, "Extra Medium", 0),
(0013, 3, "Extra Medium", 0),
(0014, 3, "Extra Medium", 0),
(0015, 3, "Extra Medium", 0),
(0016, 3, "Extra Medium", 0),
(0017, 3, "Extra Medium", 0),
(0018, 3, "Extra Medium", 0),
(0019, 3, "Extra Medium", 0),
(0020, 3, "Extra Medium", 0),
(0021, 3, "Extra Medium", 0),
(0022, 3, "Extra Medium", 0),
(0023, 3, "Extra Medium", 0),
(0024, 3, "Extra Medium", 0),

(0001, 4, "Small", 8.99),
(0006, 4, "Small", 8.99),
(0007, 4, "Small", 8.99),
(0017, 4, "Small", 8.99);

--
INSERT INTO Customers(CustomersID, custName, custEmail, snailMail, customerType, MimingsMoney) VALUES
(105838, "John Cena", "JohnCena@gmail.com", "5671 Cena Avenue", "Person", 86),
(136979, "Bill Nye", "BillBillBill@hotmail.com",   "3281 SunnyVille Drive", "Person", 137),
(158946, "Justin Bieber", "BieberFever@hotmail.com",   "1111 Beverly Hills", "Person", 59),
(193891, "Gavin Smith", "Gamestop1213@gmail.com",   "8391 Bellflower Ave", "Corporation", 537),
(190148, "Brendan White", "PartyCity8937@gmail.com",   "31489 Westminster Blvd", "Corporation", 1391),
(290414, "Billy Ray Cyrus", "HorsesInTheBack@gmail.com",  " 0101 Old Town Road ", "Person", 69),
(247695, "Elon Musk", "MuskyBoy@hotmail.com",  "8913 Mars Avenue", "Person", 10039),
(371961, "Tryndamere", "riotgames@gmail.com",  "12333 West Olympic Blvd", "Corporation", 330),
(471263, "Jeff Bezos", "JeffBezos$$$@gmail.com",  "1303 Amazon Drive", "Person", 20398),
(418931, "Bob Bob", "BobBob@hotmail.com",  "8080 Cherry Lane", "Person", 57),
(578399, "Brett Foster", "ImLovinIt@verizon.net",  "5555 Healthy Avenue", "Corporation", 5000),
(908199, "Jason Ramirez", "Walmart@walmart.com", "1000 Walmart Lane", "Corporation", 6589),
(512389, "Mike Wazowski", "Apple@apple.com", "5267 Fruit Boulevard", "Corporation", 1212),
(123907, "Sakamoto Yamasaki", "Toyota@toyota.com", "90494 Toyota Drive", "Corporation", 12543),
(987214, "Julie Everton", "Amazon@amazon.com", "79561 Jungle Way", "Corporation", 9999),
(515668, "Ariana Grande", "Samsung@samsung.com", "90785 Phone Boulevard", "Corporation", 8745),
(809831, "Justin Brown", "Ford@ford.com", "89085 Ford Drive", "Corporation", 6545);

--
INSERT INTO Corporation(CustomerID, corpName, organizationName, officeAddress, contactInfo) VALUES
(908199, "Walmart Inc", "Cashiers", "1000 Walmart Lane", "890-719-9999"),
(512389, "Apple Inc", "Service", "5267 Fruit Boulevard", "260-777-1374"),
(123907, "Toyota Inc", "Sales", "90494 Toyota Drive", "134-123-1512"),
(987214, "Amazon Inc", "Customer Support", "79561 Jungle Way", "125-161-6123"),
(515668, "Samsung Inc", "Engineers", "90785 Phone Boulevard", "167-123-6089"),
(809831, "Ford Automobiles", "Assembly Line", "89085 Ford Drive", "985-162-1927"),
(193891, "Game Stop", "Gamers", "8391 Bellflower Ave", "949-555-4452"),
(190148, "Party City", "Front Counter", "31489 Westminster Blvd", "714-658-5454"),
(371961, "Riot Games", "Developers", "12333 West Olympic Blvd", "656-854-8791"),
(578399, "McDonalds", "Cooks", "5555 Healthy Avenue", "800-888-8920");

--
INSERT INTO `Order`(OrderID, CustomerID, orderDate, orderType, ServerID) VALUES
(101, 193891, "2017-09-27", "eat in", 13),
(129, 578399, "2018-01-23", "phone", 13),
(135, 290414, "2018-12-30", "web", 13),
(108, 193891, "2017-10-28", "eat in", 14),
(111, 193891, "2017-12-02", "eat in", 15),
(127, 290414, "2018-01-11", "phone", 17),
(115, 418931, "2018-08-17", "eat in", 17),
(105, 578399, "2019-04-17", "eat in", 53),
(160, 515668, "2017-12-10", "web", 54),
(175, 987214, "2018-11-27", "phone", 63),
(178, 193891, "2019-02-22", "eat in", 39),
(102, 193891, "2017-10-01", "eat in", 32),
(165, 515668, "2018-01-01", "web", 36),
(104, 247695, "2018-04-19", "eat in", 38),
(137, 809831, "2018-03-18", "web", 38),
(142, 136979, "2018-09-20", "eat in", 37),
(199, 371961, "2018-04-24", "eat in", 72),
(200, 190148, "2019-01-30", "phone", 73);



--
INSERT INTO OrderDetails(OrderID, MenuID, MenuItemID, quantity) VALUES
(101, 1, 0001, 2),
(101, 1, 0012, 3),
(129, 1, 0008, 1),
(135, 2, 0019, 1),
(135, 2, 0023, 1),
(108, 1, 0001, 3),
(111, 1, 0005, 1),
(111, 1, 0007, 1),
(127, 4, 0006, 2),
(127, 4, 0007, 3),
(127, 4, 0001, 2),
(127, 4, 0017, 1),
(115, 1, 0006, 2),
(115, 1, 0004, 3),
(115, 1, 0002, 1),
(105, 4, 0006, 3),
(105, 4, 0007, 5),
(105, 4, 0017, 4),
(160, 4, 0006, 10),
(160, 4, 0001, 12),
(175, 2, 0008, 2),
(175, 2, 0020, 3),
(178, 1, 0015, 3),
(102, 3, 0009, 2),
(102, 3, 0024, 3),
(165, 2, 0023, 2),
(165, 2, 0022, 2),
(104, 2, 0011, 3),
(104, 2, 0015, 5),
(104, 2, 0007, 2),
(137, 1, 0004, 2),
(137, 1, 0008, 3),
(142, 1, 0018, 4),
(142, 1, 0020, 2),
(199, 2, 0009, 1),
(199, 2, 0021, 2),
(200, 1, 0009, 1),
(200, 1, 0021, 1);

--
INSERT INTO `Dishwasher`(`EmployeeID`,`ShiftID`) VALUES
(0029, 15),
(0030, 25),
(0031, 35),
(0051, 10),
(0061, 20),
(0070, 30);

